{
	"partitions" : [
		{
			"name" : "Top",
			"pins" : [
				{
					"name" : "Result[0]",
					"strict" : false
				},
				{
					"name" : "Result[1]",
					"strict" : false
				},
				{
					"name" : "Result[2]",
					"strict" : false
				},
				{
					"name" : "Result[3]",
					"strict" : false
				},
				{
					"name" : "Result[4]",
					"strict" : false
				},
				{
					"name" : "Result[5]",
					"strict" : false
				},
				{
					"name" : "Result[6]",
					"strict" : false
				},
				{
					"name" : "Result[7]",
					"strict" : false
				},
				{
					"name" : "Result[8]",
					"strict" : false
				},
				{
					"name" : "Result[9]",
					"strict" : false
				},
				{
					"name" : "Result[10]",
					"strict" : false
				},
				{
					"name" : "Result[11]",
					"strict" : false
				},
				{
					"name" : "Result[12]",
					"strict" : false
				},
				{
					"name" : "Result[13]",
					"strict" : false
				},
				{
					"name" : "Result[14]",
					"strict" : false
				},
				{
					"name" : "Result[15]",
					"strict" : false
				},
				{
					"name" : "Result[16]",
					"strict" : false
				},
				{
					"name" : "Result[17]",
					"strict" : false
				},
				{
					"name" : "Result[18]",
					"strict" : false
				},
				{
					"name" : "Result[19]",
					"strict" : false
				},
				{
					"name" : "Result[20]",
					"strict" : false
				},
				{
					"name" : "Result[21]",
					"strict" : false
				},
				{
					"name" : "Result[22]",
					"strict" : false
				},
				{
					"name" : "Result[23]",
					"strict" : false
				},
				{
					"name" : "Result[24]",
					"strict" : false
				},
				{
					"name" : "Result[25]",
					"strict" : false
				},
				{
					"name" : "Result[26]",
					"strict" : false
				},
				{
					"name" : "Result[27]",
					"strict" : false
				},
				{
					"name" : "Result[28]",
					"strict" : false
				},
				{
					"name" : "Result[29]",
					"strict" : false
				},
				{
					"name" : "Result[30]",
					"strict" : false
				},
				{
					"name" : "Result[31]",
					"strict" : false
				},
				{
					"name" : "ALUop[2]",
					"strict" : false
				},
				{
					"name" : "ALUop[0]",
					"strict" : false
				},
				{
					"name" : "ALUop[1]",
					"strict" : false
				},
				{
					"name" : "A[30]",
					"strict" : false
				},
				{
					"name" : "B[30]",
					"strict" : false
				},
				{
					"name" : "A[29]",
					"strict" : false
				},
				{
					"name" : "B[29]",
					"strict" : false
				},
				{
					"name" : "A[28]",
					"strict" : false
				},
				{
					"name" : "B[28]",
					"strict" : false
				},
				{
					"name" : "A[27]",
					"strict" : false
				},
				{
					"name" : "B[27]",
					"strict" : false
				},
				{
					"name" : "A[26]",
					"strict" : false
				},
				{
					"name" : "B[26]",
					"strict" : false
				},
				{
					"name" : "A[25]",
					"strict" : false
				},
				{
					"name" : "B[25]",
					"strict" : false
				},
				{
					"name" : "A[24]",
					"strict" : false
				},
				{
					"name" : "B[24]",
					"strict" : false
				},
				{
					"name" : "A[23]",
					"strict" : false
				},
				{
					"name" : "B[23]",
					"strict" : false
				},
				{
					"name" : "A[22]",
					"strict" : false
				},
				{
					"name" : "B[22]",
					"strict" : false
				},
				{
					"name" : "A[21]",
					"strict" : false
				},
				{
					"name" : "B[21]",
					"strict" : false
				},
				{
					"name" : "A[20]",
					"strict" : false
				},
				{
					"name" : "B[20]",
					"strict" : false
				},
				{
					"name" : "A[19]",
					"strict" : false
				},
				{
					"name" : "B[19]",
					"strict" : false
				},
				{
					"name" : "A[18]",
					"strict" : false
				},
				{
					"name" : "B[18]",
					"strict" : false
				},
				{
					"name" : "A[17]",
					"strict" : false
				},
				{
					"name" : "B[17]",
					"strict" : false
				},
				{
					"name" : "A[16]",
					"strict" : false
				},
				{
					"name" : "B[16]",
					"strict" : false
				},
				{
					"name" : "A[15]",
					"strict" : false
				},
				{
					"name" : "B[15]",
					"strict" : false
				},
				{
					"name" : "A[14]",
					"strict" : false
				},
				{
					"name" : "B[14]",
					"strict" : false
				},
				{
					"name" : "A[13]",
					"strict" : false
				},
				{
					"name" : "B[13]",
					"strict" : false
				},
				{
					"name" : "A[12]",
					"strict" : false
				},
				{
					"name" : "B[12]",
					"strict" : false
				},
				{
					"name" : "A[11]",
					"strict" : false
				},
				{
					"name" : "B[11]",
					"strict" : false
				},
				{
					"name" : "A[10]",
					"strict" : false
				},
				{
					"name" : "B[10]",
					"strict" : false
				},
				{
					"name" : "A[9]",
					"strict" : false
				},
				{
					"name" : "B[9]",
					"strict" : false
				},
				{
					"name" : "A[8]",
					"strict" : false
				},
				{
					"name" : "B[8]",
					"strict" : false
				},
				{
					"name" : "A[7]",
					"strict" : false
				},
				{
					"name" : "B[7]",
					"strict" : false
				},
				{
					"name" : "A[6]",
					"strict" : false
				},
				{
					"name" : "B[6]",
					"strict" : false
				},
				{
					"name" : "A[5]",
					"strict" : false
				},
				{
					"name" : "B[5]",
					"strict" : false
				},
				{
					"name" : "A[4]",
					"strict" : false
				},
				{
					"name" : "B[4]",
					"strict" : false
				},
				{
					"name" : "A[3]",
					"strict" : false
				},
				{
					"name" : "B[3]",
					"strict" : false
				},
				{
					"name" : "A[2]",
					"strict" : false
				},
				{
					"name" : "B[2]",
					"strict" : false
				},
				{
					"name" : "A[1]",
					"strict" : false
				},
				{
					"name" : "B[1]",
					"strict" : false
				},
				{
					"name" : "A[0]",
					"strict" : false
				},
				{
					"name" : "B[0]",
					"strict" : false
				},
				{
					"name" : "A[31]",
					"strict" : false
				},
				{
					"name" : "B[31]",
					"strict" : false
				},
				{
					"name" : "clk",
					"strict" : false
				},
				{
					"name" : "reset",
					"strict" : false
				}
			]
		}
	]
}